"","TODAY","PLUS1_pred","PLUS2_pred","PLUS3_pred","PLUS4_pred","PLUS5_pred","PLUS6_pred","PLUS7_pred","PLUS8_pred","PLUS9_pred","PLUS10_pred","PLUS11_pred","PLUS12_pred","PLUS13_pred","PLUS14_pred","PLUS1_obs","PLUS2_obs","PLUS3_obs","PLUS4_obs","PLUS5_obs","PLUS6_obs","PLUS7_obs","PLUS8_obs","PLUS9_obs","PLUS10_obs","PLUS11_obs","PLUS12_obs","PLUS13_obs","PLUS14_obs","PLUS1_var","PLUS2_var","PLUS3_var","PLUS4_var","PLUS5_var","PLUS6_var","PLUS7_var","PLUS8_var","PLUS9_var","PLUS10_var","PLUS11_var","PLUS12_var","PLUS13_var","PLUS14_var"
"1",17345,9.26075922478189,9.17173736634696,9.09353293793786,9.02337367271684,8.92653692620294,8.84566809664138,8.75391076096806,8.69197668116541,8.60028073884418,8.55032639200404,8.44202997634689,8.35948940019074,8.28469074235423,8.20352510890273,NA,NA,NA,NA,NA,9.10333943935555,NA,NA,NA,NA,8.74405354355872,8.49970675944082,8.00649266909527,7.66421795924665,0.43257728473033,0.686015576212128,1.06532807663178,1.61898115750246,2.32993153739604,3.13465939118123,3.92851437661686,4.90021604962382,6.29653518592493,7.47635479046811,8.97535814178744,10.2989835486013,11.785059486103,13.4464562572872
"2",17350,9.04140200700422,9.00453305754312,8.95746874757131,8.95124769856453,8.93050401114312,8.88815386006362,8.78930529416185,8.78965596375116,8.78867628234176,NA,NA,NA,NA,NA,9.10333943935555,NA,NA,NA,NA,8.74405354355872,8.49970675944082,8.00649266909527,7.66421795924665,NA,NA,NA,NA,NA,2.43511461042822,3.20320976638662,3.99546115857563,5.00694994134719,6.12675283604159,7.27988124225328,8.58064605618959,10.1710187000392,11.4026596477512,NA,NA,NA,NA,NA
"3",17355,8.67419695319919,8.57412848142698,8.48762084367951,8.39991765562185,NA,NA,NA,NA,NA,NA,NA,NA,NA,NA,8.74405354355872,8.49970675944082,8.00649266909527,7.66421795924665,NA,NA,NA,NA,NA,NA,NA,NA,NA,NA,0.468370537417064,0.680393576168317,0.884737367023272,1.0845317892955,NA,NA,NA,NA,NA,NA,NA,NA,NA,NA
