"","TODAY","PLUS1_pred","PLUS2_pred","PLUS3_pred","PLUS4_pred","PLUS5_pred","PLUS6_pred","PLUS7_pred","PLUS8_pred","PLUS9_pred","PLUS10_pred","PLUS11_pred","PLUS12_pred","PLUS13_pred","PLUS14_pred","PLUS1_obs","PLUS2_obs","PLUS3_obs","PLUS4_obs","PLUS5_obs","PLUS6_obs","PLUS7_obs","PLUS8_obs","PLUS9_obs","PLUS10_obs","PLUS11_obs","PLUS12_obs","PLUS13_obs","PLUS14_obs","PLUS1_var","PLUS2_var","PLUS3_var","PLUS4_var","PLUS5_var","PLUS6_var","PLUS7_var","PLUS8_var","PLUS9_var","PLUS10_var","PLUS11_var","PLUS12_var","PLUS13_var","PLUS14_var"
"1",17345,8.78332671427557,8.22179451292464,7.62098696426254,7.07358202095274,6.50413364081629,5.94307931817502,5.42338352421698,5.00789492151306,4.59773557629473,4.25432059648736,3.95870218860923,3.69435137822467,3.47732950033217,3.29191144746069,NA,NA,NA,NA,NA,9.10333943935555,NA,NA,NA,NA,8.74405354355872,8.49970675944082,8.00649266909527,7.66421795924665,0.450333085588188,0.992919387128134,1.84973901126334,3.19519400721298,4.63373843261436,6.53263125676105,8.10012498628365,9.19391057899801,10.2793917021149,10.8730358269668,11.3252296468716,11.7056258641241,12.0851986145493,12.3375979228065
"2",17352,7.76710606423696,7.03048867777267,6.32218183938734,5.63126447204751,8.99399577973707,8.87531938835714,8.7702785384528,8.67160035462772,8.57881704967961,8.48123583500434,8.39496363574407,8.28226220541375,8.16791975843024,NA,NA,NA,NA,8.74405354355872,8.49970675944082,8.00649266909527,7.66421795924665,NA,NA,NA,NA,NA,NA,NA,1.22523580994492,2.50387878632551,4.12236077749388,6.19801266507538,0.00563304300505351,0.0480422264802471,0.115856053451479,0.235071361141081,0.379080270475176,0.523287976715746,0.717171121640079,0.948811709281749,1.20036492442898,NA
"3",NA,NA,NA,NA,NA,NA,NA,NA,NA,NA,NA,NA,NA,NA,NA,NA,NA,NA,NA,NA,NA,NA,NA,NA,NA,NA,NA,NA,NA,NA,NA,NA,NA,NA,NA,NA,NA,NA,NA,NA,NA,NA,NA
