"","TODAY","PLUS1_pred","PLUS2_pred","PLUS3_pred","PLUS4_pred","PLUS5_pred","PLUS6_pred","PLUS7_pred","PLUS8_pred","PLUS9_pred","PLUS10_pred","PLUS11_pred","PLUS12_pred","PLUS13_pred","PLUS14_pred","PLUS1_obs","PLUS2_obs","PLUS3_obs","PLUS4_obs","PLUS5_obs","PLUS6_obs","PLUS7_obs","PLUS8_obs","PLUS9_obs","PLUS10_obs","PLUS11_obs","PLUS12_obs","PLUS13_obs","PLUS14_obs","PLUS1_var","PLUS2_var","PLUS3_var","PLUS4_var","PLUS5_var","PLUS6_var","PLUS7_var","PLUS8_var","PLUS9_var","PLUS10_var","PLUS11_var","PLUS12_var","PLUS13_var","PLUS14_var"
"1",17345,9.25927129052963,9.15269690854772,9.06317966522112,8.94981232584799,8.84423290594475,8.74405327354514,8.6486160558012,8.49234776770118,8.34614782359814,8.20008665487211,8.07771201474842,7.94206080685265,7.8403830942046,7.74960707926737,NA,NA,NA,NA,NA,9.10333943935555,NA,NA,NA,NA,8.74405354355872,8.49970675944082,8.00649266909527,7.66421795924665,0.309084302982539,0.548549372374205,0.861318472426717,1.30460086765591,1.93050248180985,2.65488313578743,3.57142506577077,4.61321460006815,5.73971235694104,6.74614914799726,7.99164734788161,9.31255818771846,10.7627704807991,11.9637609552152
"2",17352,9.16403460966085,9.04169260906285,8.89893473460346,8.8000661616265,9.08125069472539,9.01760742494573,8.97997264352047,8.92247967566191,8.88341572412166,8.77630352194517,8.70355515111605,8.6075870503008,8.54423465049685,NA,NA,NA,NA,8.74405354355872,8.49970675944082,8.00649266909527,7.66421795924665,NA,NA,NA,NA,NA,NA,NA,0.571021473463833,1.06701575691742,1.74261633842768,2.49153146972888,0.0117539889540887,0.0775601787138451,0.132586689454952,0.257345548777002,0.35515107341736,0.526012785975614,0.686318779208465,0.85701834253826,1.11081849675889,NA
"3",NA,NA,NA,NA,NA,NA,NA,NA,NA,NA,NA,NA,NA,NA,NA,NA,NA,NA,NA,NA,NA,NA,NA,NA,NA,NA,NA,NA,NA,NA,NA,NA,NA,NA,NA,NA,NA,NA,NA,NA,NA,NA,NA
